{"cameraMode":{"drawMode":0,"name":"Shaded","section":"Shading Mode"},"sceneLighting":true,"audioPlay":false,"sceneViewState":{"m_AlwaysRefresh":false,"showFog":true,"showSkybox":true,"showFlares":true,"showImageEffects":true,"showParticleSystems":true,"showVisualEffectGraphs":true,"m_FxEnabled":true},"in2DMode":false,"pivot":{"x":1737.1783447265625,"y":922.3292236328125,"z":-9.895660400390625},"rotation":{"x":0.09910208731889725,"y":0.029843417927622796,"z":-0.0029740212485194208,"w":0.9946259260177612},"size":91.10870361328125,"orthographic":false}